class,dir,image_file
fake,train/training_fake,train/training_fake/63.jpg
real,train/training_real,train/training_real/1400.jpg
fake,train/training_fake,train/training_fake/477.jpg
fake,train/training_fake,train/training_fake/481.jpg
real,train/training_real,train/training_real/1099.jpg
fake,train/training_fake,train/training_fake/617.jpg
fake,train/training_fake,train/training_fake/569.jpg
real,train/training_real,train/training_real/1342.jpg
real,train/training_real,train/training_real/1643.jpg
real,train/training_real,train/training_real/1676.jpg
real,train/training_real,train/training_real/1226.jpg
real,train/training_real,train/training_real/778.jpg
real,train/training_real,train/training_real/1076.jpg
fake,train/training_fake,train/training_fake/654.jpg
real,train/training_real,train/training_real/1597.jpg
real,train/training_real,train/training_real/1652.jpg
real,train/training_real,train/training_real/1038.jpg
real,train/training_real,train/training_real/882.jpg
real,train/training_real,train/training_real/1027.jpg
real,train/training_real,train/training_real/1166.jpg
fake,train/training_fake,train/training_fake/301.jpg
fake,train/training_fake,train/training_fake/306.jpg
real,train/training_real,train/training_real/896.jpg
real,train/training_real,train/training_real/1694.jpg
fake,train/training_fake,train/training_fake/575.jpg
fake,train/training_fake,train/training_fake/245.jpg
real,train/training_real,train/training_real/1692.jpg
real,train/training_real,train/training_real/1449.jpg
fake,train/training_fake,train/training_fake/338.jpg
fake,train/training_fake,train/training_fake/231.jpg
fake,train/training_fake,train/training_fake/629.jpg
real,train/training_real,train/training_real/1025.jpg
real,train/training_real,train/training_real/1320.jpg
fake,train/training_fake,train/training_fake/656.jpg
real,train/training_real,train/training_real/1587.jpg
fake,train/training_fake,train/training_fake/374.jpg
fake,train/training_fake,train/training_fake/271.jpg
fake,train/training_fake,train/training_fake/647.jpg
fake,train/training_fake,train/training_fake/377.jpg
real,train/training_real,train/training_real/794.jpg
fake,train/training_fake,train/training_fake/155.jpg
real,train/training_real,train/training_real/1521.jpg
real,train/training_real,train/training_real/991.jpg
real,train/training_real,train/training_real/1382.jpg
real,train/training_real,train/training_real/1297.jpg
fake,train/training_fake,train/training_fake/623.jpg
real,train/training_real,train/training_real/825.jpg
real,train/training_real,train/training_real/1219.jpg
fake,train/training_fake,train/training_fake/576.jpg
fake,train/training_fake,train/training_fake/74.jpg
fake,train/training_fake,train/training_fake/295.jpg
fake,train/training_fake,train/training_fake/650.jpg
fake,train/training_fake,train/training_fake/356.jpg
fake,train/training_fake,train/training_fake/561.jpg
real,train/training_real,train/training_real/1613.jpg
real,train/training_real,train/training_real/1186.jpg
fake,train/training_fake,train/training_fake/423.jpg
real,train/training_real,train/training_real/945.jpg
fake,train/training_fake,train/training_fake/67.jpg
real,train/training_real,train/training_real/912.jpg
fake,train/training_fake,train/training_fake/637.jpg
real,train/training_real,train/training_real/1641.jpg
fake,train/training_fake,train/training_fake/542.jpg
real,train/training_real,train/training_real/1599.jpg
real,train/training_real,train/training_real/1372.jpg
real,train/training_real,train/training_real/1298.jpg
real,train/training_real,train/training_real/1128.jpg
real,train/training_real,train/training_real/1470.jpg
real,train/training_real,train/training_real/1463.jpg
real,train/training_real,train/training_real/1224.jpg
real,train/training_real,train/training_real/1457.jpg
fake,train/training_fake,train/training_fake/78.jpg
real,train/training_real,train/training_real/1202.jpg
real,train/training_real,train/training_real/1419.jpg
fake,train/training_fake,train/training_fake/493.jpg
real,train/training_real,train/training_real/1192.jpg
real,train/training_real,train/training_real/1042.jpg
fake,train/training_fake,train/training_fake/635.jpg
real,train/training_real,train/training_real/1227.jpg
real,train/training_real,train/training_real/1156.jpg
real,train/training_real,train/training_real/1368.jpg
fake,train/training_fake,train/training_fake/348.jpg
real,train/training_real,train/training_real/1562.jpg
real,train/training_real,train/training_real/863.jpg
fake,train/training_fake,train/training_fake/420.jpg
real,train/training_real,train/training_real/1553.jpg
fake,train/training_fake,train/training_fake/310.jpg
real,train/training_real,train/training_real/869.jpg
real,train/training_real,train/training_real/1659.jpg
real,train/training_real,train/training_real/936.jpg
fake,train/training_fake,train/training_fake/73.jpg
real,train/training_real,train/training_real/1422.jpg
real,train/training_real,train/training_real/949.jpg
fake,train/training_fake,train/training_fake/286.jpg
real,train/training_real,train/training_real/1313.jpg
real,train/training_real,train/training_real/1575.jpg
fake,train/training_fake,train/training_fake/722.jpg
fake,train/training_fake,train/training_fake/150.jpg
fake,train/training_fake,train/training_fake/544.jpg
real,train/training_real,train/training_real/1596.jpg
real,train/training_real,train/training_real/1163.jpg
real,train/training_real,train/training_real/1176.jpg
real,train/training_real,train/training_real/1590.jpg
fake,train/training_fake,train/training_fake/425.jpg
fake,train/training_fake,train/training_fake/596.jpg
fake,train/training_fake,train/training_fake/417.jpg
fake,train/training_fake,train/training_fake/483.jpg
real,train/training_real,train/training_real/1162.jpg
real,train/training_real,train/training_real/925.jpg
real,train/training_real,train/training_real/841.jpg
fake,train/training_fake,train/training_fake/573.jpg
real,train/training_real,train/training_real/1286.jpg
fake,train/training_fake,train/training_fake/70.jpg
fake,train/training_fake,train/training_fake/361.jpg
fake,train/training_fake,train/training_fake/662.jpg
real,train/training_real,train/training_real/1550.jpg
real,train/training_real,train/training_real/1697.jpg
fake,train/training_fake,train/training_fake/204.jpg
real,train/training_real,train/training_real/1144.jpg
fake,train/training_fake,train/training_fake/71.jpg
fake,train/training_fake,train/training_fake/308.jpg
real,train/training_real,train/training_real/1421.jpg
real,train/training_real,train/training_real/915.jpg
fake,train/training_fake,train/training_fake/275.jpg
real,train/training_real,train/training_real/1385.jpg
real,train/training_real,train/training_real/1266.jpg
real,train/training_real,train/training_real/1667.jpg
fake,train/training_fake,train/training_fake/171.jpg
real,train/training_real,train/training_real/889.jpg
real,train/training_real,train/training_real/1601.jpg
real,train/training_real,train/training_real/1552.jpg
real,train/training_real,train/training_real/1132.jpg
fake,train/training_fake,train/training_fake/440.jpg
fake,train/training_fake,train/training_fake/199.jpg
real,train/training_real,train/training_real/1685.jpg
real,train/training_real,train/training_real/1246.jpg
real,train/training_real,train/training_real/1675.jpg
real,train/training_real,train/training_real/1177.jpg
real,train/training_real,train/training_real/1673.jpg
real,train/training_real,train/training_real/861.jpg
real,train/training_real,train/training_real/762.jpg
real,train/training_real,train/training_real/1129.jpg
real,train/training_real,train/training_real/1696.jpg
fake,train/training_fake,train/training_fake/378.jpg
fake,train/training_fake,train/training_fake/97.jpg
real,train/training_real,train/training_real/1371.jpg
fake,train/training_fake,train/training_fake/60.jpg
real,train/training_real,train/training_real/805.jpg
real,train/training_real,train/training_real/1240.jpg
fake,train/training_fake,train/training_fake/504.jpg
real,train/training_real,train/training_real/1547.jpg
fake,train/training_fake,train/training_fake/54.jpg
fake,train/training_fake,train/training_fake/648.jpg
real,train/training_real,train/training_real/1503.jpg
fake,train/training_fake,train/training_fake/357.jpg
real,train/training_real,train/training_real/1127.jpg
real,train/training_real,train/training_real/986.jpg
real,train/training_real,train/training_real/1543.jpg
real,train/training_real,train/training_real/1571.jpg
fake,train/training_fake,train/training_fake/611.jpg
fake,train/training_fake,train/training_fake/572.jpg
fake,train/training_fake,train/training_fake/543.jpg
real,train/training_real,train/training_real/992.jpg
real,train/training_real,train/training_real/975.jpg
real,train/training_real,train/training_real/821.jpg
real,train/training_real,train/training_real/856.jpg
real,train/training_real,train/training_real/1624.jpg
real,train/training_real,train/training_real/1401.jpg
real,train/training_real,train/training_real/843.jpg
real,train/training_real,train/training_real/1408.jpg
fake,train/training_fake,train/training_fake/393.jpg
real,train/training_real,train/training_real/1022.jpg
real,train/training_real,train/training_real/1046.jpg
real,train/training_real,train/training_real/1095.jpg
real,train/training_real,train/training_real/1269.jpg
fake,train/training_fake,train/training_fake/688.jpg
fake,train/training_fake,train/training_fake/258.jpg
fake,train/training_fake,train/training_fake/595.jpg
fake,train/training_fake,train/training_fake/701.jpg
fake,train/training_fake,train/training_fake/176.jpg
real,train/training_real,train/training_real/1441.jpg
real,train/training_real,train/training_real/907.jpg
real,train/training_real,train/training_real/1249.jpg
fake,train/training_fake,train/training_fake/147.jpg
real,train/training_real,train/training_real/1523.jpg
fake,train/training_fake,train/training_fake/298.jpg
fake,train/training_fake,train/training_fake/20.jpg
fake,train/training_fake,train/training_fake/756.jpg
real,train/training_real,train/training_real/1625.jpg
fake,train/training_fake,train/training_fake/85.jpg
fake,train/training_fake,train/training_fake/255.jpg
fake,train/training_fake,train/training_fake/625.jpg
real,train/training_real,train/training_real/1574.jpg
fake,train/training_fake,train/training_fake/114.jpg
fake,train/training_fake,train/training_fake/48.jpg
real,train/training_real,train/training_real/1384.jpg
fake,train/training_fake,train/training_fake/355.jpg
real,train/training_real,train/training_real/1595.jpg
fake,train/training_fake,train/training_fake/484.jpg
real,train/training_real,train/training_real/782.jpg
fake,train/training_fake,train/training_fake/602.jpg
fake,train/training_fake,train/training_fake/126.jpg
fake,train/training_fake,train/training_fake/729.jpg
real,train/training_real,train/training_real/1020.jpg
fake,train/training_fake,train/training_fake/291.jpg
real,train/training_real,train/training_real/1425.jpg
fake,train/training_fake,train/training_fake/392.jpg
real,train/training_real,train/training_real/1145.jpg
real,train/training_real,train/training_real/1489.jpg
real,train/training_real,train/training_real/1262.jpg
fake,train/training_fake,train/training_fake/405.jpg
fake,train/training_fake,train/training_fake/230.jpg
fake,train/training_fake,train/training_fake/422.jpg
fake,train/training_fake,train/training_fake/173.jpg
fake,train/training_fake,train/training_fake/141.jpg
fake,train/training_fake,train/training_fake/52.jpg
fake,train/training_fake,train/training_fake/238.jpg
real,train/training_real,train/training_real/1364.jpg
real,train/training_real,train/training_real/1436.jpg
real,train/training_real,train/training_real/1274.jpg
real,train/training_real,train/training_real/1634.jpg
fake,train/training_fake,train/training_fake/549.jpg
fake,train/training_fake,train/training_fake/26.jpg
real,train/training_real,train/training_real/1047.jpg
fake,train/training_fake,train/training_fake/628.jpg
real,train/training_real,train/training_real/1150.jpg
fake,train/training_fake,train/training_fake/574.jpg
fake,train/training_fake,train/training_fake/41.jpg
real,train/training_real,train/training_real/1661.jpg
real,train/training_real,train/training_real/961.jpg
real,train/training_real,train/training_real/1471.jpg
real,train/training_real,train/training_real/1081.jpg
fake,train/training_fake,train/training_fake/92.jpg
real,train/training_real,train/training_real/1113.jpg
fake,train/training_fake,train/training_fake/317.jpg
real,train/training_real,train/training_real/1138.jpg
real,train/training_real,train/training_real/1499.jpg
fake,train/training_fake,train/training_fake/38.jpg
fake,train/training_fake,train/training_fake/490.jpg
real,train/training_real,train/training_real/906.jpg
real,train/training_real,train/training_real/1143.jpg
fake,train/training_fake,train/training_fake/376.jpg
fake,train/training_fake,train/training_fake/486.jpg
fake,train/training_fake,train/training_fake/431.jpg
fake,train/training_fake,train/training_fake/608.jpg
fake,train/training_fake,train/training_fake/753.jpg
fake,train/training_fake,train/training_fake/261.jpg
real,train/training_real,train/training_real/859.jpg
fake,train/training_fake,train/training_fake/649.jpg
real,train/training_real,train/training_real/780.jpg
real,train/training_real,train/training_real/857.jpg
fake,train/training_fake,train/training_fake/365.jpg
real,train/training_real,train/training_real/1225.jpg
fake,train/training_fake,train/training_fake/513.jpg
real,train/training_real,train/training_real/1542.jpg
real,train/training_real,train/training_real/1133.jpg
fake,train/training_fake,train/training_fake/438.jpg
real,train/training_real,train/training_real/1178.jpg
fake,train/training_fake,train/training_fake/211.jpg
real,train/training_real,train/training_real/1510.jpg
real,train/training_real,train/training_real/1238.jpg
fake,train/training_fake,train/training_fake/418.jpg
real,train/training_real,train/training_real/1623.jpg
fake,train/training_fake,train/training_fake/287.jpg
fake,train/training_fake,train/training_fake/224.jpg
real,train/training_real,train/training_real/1466.jpg
real,train/training_real,train/training_real/1380.jpg
real,train/training_real,train/training_real/948.jpg
real,train/training_real,train/training_real/1588.jpg
real,train/training_real,train/training_real/1608.jpg
real,train/training_real,train/training_real/1307.jpg
real,train/training_real,train/training_real/1327.jpg
real,train/training_real,train/training_real/849.jpg
fake,train/training_fake,train/training_fake/672.jpg
fake,train/training_fake,train/training_fake/107.jpg
real,train/training_real,train/training_real/1165.jpg
fake,train/training_fake,train/training_fake/352.jpg
fake,train/training_fake,train/training_fake/360.jpg
real,train/training_real,train/training_real/911.jpg
real,train/training_real,train/training_real/1626.jpg
fake,train/training_fake,train/training_fake/214.jpg
fake,train/training_fake,train/training_fake/39.jpg
real,train/training_real,train/training_real/867.jpg
real,train/training_real,train/training_real/781.jpg
real,train/training_real,train/training_real/1239.jpg
fake,train/training_fake,train/training_fake/678.jpg
fake,train/training_fake,train/training_fake/742.jpg
real,train/training_real,train/training_real/1082.jpg
real,train/training_real,train/training_real/1233.jpg
fake,train/training_fake,train/training_fake/240.jpg
real,train/training_real,train/training_real/1386.jpg
fake,train/training_fake,train/training_fake/563.jpg
real,train/training_real,train/training_real/1518.jpg
fake,train/training_fake,train/training_fake/636.jpg
fake,train/training_fake,train/training_fake/274.jpg
real,train/training_real,train/training_real/1646.jpg
real,train/training_real,train/training_real/879.jpg
fake,train/training_fake,train/training_fake/468.jpg
fake,train/training_fake,train/training_fake/185.jpg
fake,train/training_fake,train/training_fake/86.jpg
fake,train/training_fake,train/training_fake/733.jpg
fake,train/training_fake,train/training_fake/239.jpg
fake,train/training_fake,train/training_fake/476.jpg
real,train/training_real,train/training_real/1056.jpg
fake,train/training_fake,train/training_fake/528.jpg
real,train/training_real,train/training_real/1018.jpg
real,train/training_real,train/training_real/814.jpg
real,train/training_real,train/training_real/800.jpg
real,train/training_real,train/training_real/1353.jpg
fake,train/training_fake,train/training_fake/500.jpg
real,train/training_real,train/training_real/1498.jpg
fake,train/training_fake,train/training_fake/259.jpg
fake,train/training_fake,train/training_fake/45.jpg
fake,train/training_fake,train/training_fake/619.jpg
real,train/training_real,train/training_real/1605.jpg
real,train/training_real,train/training_real/1701.jpg
real,train/training_real,train/training_real/1058.jpg
real,train/training_real,train/training_real/1647.jpg
real,train/training_real,train/training_real/1487.jpg
real,train/training_real,train/training_real/1012.jpg
real,train/training_real,train/training_real/1505.jpg
real,train/training_real,train/training_real/1050.jpg
fake,train/training_fake,train/training_fake/697.jpg
fake,train/training_fake,train/training_fake/226.jpg
real,train/training_real,train/training_real/940.jpg
real,train/training_real,train/training_real/1660.jpg
real,train/training_real,train/training_real/1295.jpg
fake,train/training_fake,train/training_fake/671.jpg
real,train/training_real,train/training_real/1078.jpg
fake,train/training_fake,train/training_fake/652.jpg
fake,train/training_fake,train/training_fake/363.jpg
real,train/training_real,train/training_real/1026.jpg
real,train/training_real,train/training_real/910.jpg
fake,train/training_fake,train/training_fake/178.jpg
fake,train/training_fake,train/training_fake/135.jpg
real,train/training_real,train/training_real/938.jpg
fake,train/training_fake,train/training_fake/216.jpg
real,train/training_real,train/training_real/1474.jpg
real,train/training_real,train/training_real/1600.jpg
real,train/training_real,train/training_real/1083.jpg
real,train/training_real,train/training_real/908.jpg
real,train/training_real,train/training_real/1700.jpg
fake,train/training_fake,train/training_fake/246.jpg
fake,train/training_fake,train/training_fake/36.jpg
real,train/training_real,train/training_real/904.jpg
fake,train/training_fake,train/training_fake/99.jpg
fake,train/training_fake,train/training_fake/411.jpg
fake,train/training_fake,train/training_fake/612.jpg
fake,train/training_fake,train/training_fake/750.jpg
real,train/training_real,train/training_real/897.jpg
real,train/training_real,train/training_real/1155.jpg
real,train/training_real,train/training_real/1602.jpg
real,train/training_real,train/training_real/1365.jpg
real,train/training_real,train/training_real/1004.jpg
fake,train/training_fake,train/training_fake/510.jpg
fake,train/training_fake,train/training_fake/436.jpg
fake,train/training_fake,train/training_fake/399.jpg
real,train/training_real,train/training_real/967.jpg
real,train/training_real,train/training_real/793.jpg
real,train/training_real,train/training_real/1484.jpg
real,train/training_real,train/training_real/1203.jpg
real,train/training_real,train/training_real/827.jpg
real,train/training_real,train/training_real/872.jpg
real,train/training_real,train/training_real/1214.jpg
fake,train/training_fake,train/training_fake/394.jpg
real,train/training_real,train/training_real/838.jpg
fake,train/training_fake,train/training_fake/385.jpg
real,train/training_real,train/training_real/1549.jpg
real,train/training_real,train/training_real/1629.jpg
real,train/training_real,train/training_real/987.jpg
fake,train/training_fake,train/training_fake/249.jpg
fake,train/training_fake,train/training_fake/109.jpg
fake,train/training_fake,train/training_fake/252.jpg
fake,train/training_fake,train/training_fake/683.jpg
fake,train/training_fake,train/training_fake/332.jpg
real,train/training_real,train/training_real/1283.jpg
real,train/training_real,train/training_real/1442.jpg
fake,train/training_fake,train/training_fake/703.jpg
fake,train/training_fake,train/training_fake/330.jpg
real,train/training_real,train/training_real/1267.jpg
fake,train/training_fake,train/training_fake/222.jpg
fake,train/training_fake,train/training_fake/593.jpg
real,train/training_real,train/training_real/1294.jpg
real,train/training_real,train/training_real/1614.jpg
real,train/training_real,train/training_real/1303.jpg
real,train/training_real,train/training_real/1527.jpg
fake,train/training_fake,train/training_fake/600.jpg
fake,train/training_fake,train/training_fake/223.jpg
real,train/training_real,train/training_real/837.jpg
fake,train/training_fake,train/training_fake/577.jpg
fake,train/training_fake,train/training_fake/30.jpg
fake,train/training_fake,train/training_fake/75.jpg
real,train/training_real,train/training_real/1072.jpg
fake,train/training_fake,train/training_fake/467.jpg
fake,train/training_fake,train/training_fake/391.jpg
real,train/training_real,train/training_real/1121.jpg
fake,train/training_fake,train/training_fake/368.jpg
real,train/training_real,train/training_real/1323.jpg
real,train/training_real,train/training_real/1378.jpg
real,train/training_real,train/training_real/1188.jpg
real,train/training_real,train/training_real/873.jpg
fake,train/training_fake,train/training_fake/741.jpg
fake,train/training_fake,train/training_fake/272.jpg
fake,train/training_fake,train/training_fake/495.jpg
fake,train/training_fake,train/training_fake/614.jpg
fake,train/training_fake,train/training_fake/551.jpg
fake,train/training_fake,train/training_fake/643.jpg
real,train/training_real,train/training_real/1223.jpg
real,train/training_real,train/training_real/815.jpg
fake,train/training_fake,train/training_fake/100.jpg
real,train/training_real,train/training_real/1665.jpg
real,train/training_real,train/training_real/1292.jpg
fake,train/training_fake,train/training_fake/519.jpg
fake,train/training_fake,train/training_fake/388.jpg
fake,train/training_fake,train/training_fake/102.jpg
fake,train/training_fake,train/training_fake/299.jpg
fake,train/training_fake,train/training_fake/591.jpg
real,train/training_real,train/training_real/1205.jpg
fake,train/training_fake,train/training_fake/133.jpg
fake,train/training_fake,train/training_fake/587.jpg
fake,train/training_fake,train/training_fake/316.jpg
real,train/training_real,train/training_real/1179.jpg
fake,train/training_fake,train/training_fake/220.jpg
real,train/training_real,train/training_real/789.jpg
real,train/training_real,train/training_real/1586.jpg
real,train/training_real,train/training_real/982.jpg
real,train/training_real,train/training_real/1237.jpg
real,train/training_real,train/training_real/1104.jpg
real,train/training_real,train/training_real/1451.jpg
real,train/training_real,train/training_real/1314.jpg
real,train/training_real,train/training_real/846.jpg
fake,train/training_fake,train/training_fake/621.jpg
real,train/training_real,train/training_real/797.jpg
real,train/training_real,train/training_real/970.jpg
fake,train/training_fake,train/training_fake/694.jpg
real,train/training_real,train/training_real/839.jpg
real,train/training_real,train/training_real/871.jpg
fake,train/training_fake,train/training_fake/437.jpg
real,train/training_real,train/training_real/1500.jpg
fake,train/training_fake,train/training_fake/381.jpg
fake,train/training_fake,train/training_fake/497.jpg
real,train/training_real,train/training_real/927.jpg
fake,train/training_fake,train/training_fake/386.jpg
fake,train/training_fake,train/training_fake/351.jpg
real,train/training_real,train/training_real/1204.jpg
real,train/training_real,train/training_real/1263.jpg
real,train/training_real,train/training_real/1525.jpg
fake,train/training_fake,train/training_fake/480.jpg
fake,train/training_fake,train/training_fake/597.jpg
fake,train/training_fake,train/training_fake/633.jpg
real,train/training_real,train/training_real/964.jpg
fake,train/training_fake,train/training_fake/43.jpg
real,train/training_real,train/training_real/1427.jpg
real,train/training_real,train/training_real/1541.jpg
real,train/training_real,train/training_real/1524.jpg
real,train/training_real,train/training_real/1621.jpg
real,train/training_real,train/training_real/1633.jpg
fake,train/training_fake,train/training_fake/302.jpg
real,train/training_real,train/training_real/1154.jpg
real,train/training_real,train/training_real/1276.jpg
real,train/training_real,train/training_real/1374.jpg
real,train/training_real,train/training_real/905.jpg
fake,train/training_fake,train/training_fake/158.jpg
fake,train/training_fake,train/training_fake/452.jpg
fake,train/training_fake,train/training_fake/62.jpg
fake,train/training_fake,train/training_fake/12.jpg
fake,train/training_fake,train/training_fake/289.jpg
real,train/training_real,train/training_real/1555.jpg
real,train/training_real,train/training_real/1247.jpg
fake,train/training_fake,train/training_fake/581.jpg
real,train/training_real,train/training_real/1051.jpg
real,train/training_real,train/training_real/1412.jpg
real,train/training_real,train/training_real/1085.jpg
fake,train/training_fake,train/training_fake/175.jpg
real,train/training_real,train/training_real/828.jpg
fake,train/training_fake,train/training_fake/343.jpg
real,train/training_real,train/training_real/777.jpg
real,train/training_real,train/training_real/1250.jpg
real,train/training_real,train/training_real/1084.jpg
real,train/training_real,train/training_real/830.jpg
fake,train/training_fake,train/training_fake/666.jpg
real,train/training_real,train/training_real/1684.jpg
real,train/training_real,train/training_real/884.jpg
real,train/training_real,train/training_real/1410.jpg
real,train/training_real,train/training_real/798.jpg
fake,train/training_fake,train/training_fake/553.jpg
fake,train/training_fake,train/training_fake/344.jpg
real,train/training_real,train/training_real/1578.jpg
real,train/training_real,train/training_real/1576.jpg
fake,train/training_fake,train/training_fake/424.jpg
real,train/training_real,train/training_real/1619.jpg
fake,train/training_fake,train/training_fake/659.jpg
fake,train/training_fake,train/training_fake/10.jpg
fake,train/training_fake,train/training_fake/103.jpg
fake,train/training_fake,train/training_fake/379.jpg
real,train/training_real,train/training_real/1395.jpg
real,train/training_real,train/training_real/1086.jpg
fake,train/training_fake,train/training_fake/698.jpg
fake,train/training_fake,train/training_fake/426.jpg
real,train/training_real,train/training_real/973.jpg
fake,train/training_fake,train/training_fake/292.jpg
real,train/training_real,train/training_real/1348.jpg
fake,train/training_fake,train/training_fake/122.jpg
real,train/training_real,train/training_real/1465.jpg
fake,train/training_fake,train/training_fake/571.jpg
real,train/training_real,train/training_real/853.jpg
real,train/training_real,train/training_real/1105.jpg
fake,train/training_fake,train/training_fake/673.jpg
real,train/training_real,train/training_real/1208.jpg
fake,train/training_fake,train/training_fake/745.jpg
fake,train/training_fake,train/training_fake/720.jpg
real,train/training_real,train/training_real/1580.jpg
fake,train/training_fake,train/training_fake/660.jpg
fake,train/training_fake,train/training_fake/104.jpg
fake,train/training_fake,train/training_fake/329.jpg
real,train/training_real,train/training_real/1043.jpg
fake,train/training_fake,train/training_fake/120.jpg
fake,train/training_fake,train/training_fake/400.jpg
fake,train/training_fake,train/training_fake/613.jpg
fake,train/training_fake,train/training_fake/140.jpg
real,train/training_real,train/training_real/1502.jpg
fake,train/training_fake,train/training_fake/194.jpg
fake,train/training_fake,train/training_fake/412.jpg
fake,train/training_fake,train/training_fake/148.jpg
fake,train/training_fake,train/training_fake/312.jpg
fake,train/training_fake,train/training_fake/290.jpg
fake,train/training_fake,train/training_fake/206.jpg
real,train/training_real,train/training_real/1528.jpg
real,train/training_real,train/training_real/1184.jpg
real,train/training_real,train/training_real/1033.jpg
fake,train/training_fake,train/training_fake/163.jpg
real,train/training_real,train/training_real/1052.jpg
real,train/training_real,train/training_real/765.jpg
real,train/training_real,train/training_real/1245.jpg
real,train/training_real,train/training_real/1290.jpg
fake,train/training_fake,train/training_fake/139.jpg
real,train/training_real,train/training_real/1671.jpg
fake,train/training_fake,train/training_fake/57.jpg
fake,train/training_fake,train/training_fake/307.jpg
real,train/training_real,train/training_real/1258.jpg
real,train/training_real,train/training_real/1493.jpg
real,train/training_real,train/training_real/1529.jpg
real,train/training_real,train/training_real/917.jpg
fake,train/training_fake,train/training_fake/579.jpg
real,train/training_real,train/training_real/1628.jpg
real,train/training_real,train/training_real/1530.jpg
fake,train/training_fake,train/training_fake/641.jpg
fake,train/training_fake,train/training_fake/517.jpg
real,train/training_real,train/training_real/1520.jpg
real,train/training_real,train/training_real/1028.jpg
real,train/training_real,train/training_real/1687.jpg
real,train/training_real,train/training_real/1241.jpg
real,train/training_real,train/training_real/1356.jpg
fake,train/training_fake,train/training_fake/152.jpg
real,train/training_real,train/training_real/1324.jpg
fake,train/training_fake,train/training_fake/181.jpg
fake,train/training_fake,train/training_fake/699.jpg
real,train/training_real,train/training_real/1141.jpg
real,train/training_real,train/training_real/1683.jpg
fake,train/training_fake,train/training_fake/273.jpg
fake,train/training_fake,train/training_fake/350.jpg
fake,train/training_fake,train/training_fake/724.jpg
real,train/training_real,train/training_real/1146.jpg
fake,train/training_fake,train/training_fake/421.jpg
real,train/training_real,train/training_real/1328.jpg
fake,train/training_fake,train/training_fake/566.jpg
real,train/training_real,train/training_real/1277.jpg
real,train/training_real,train/training_real/1230.jpg
real,train/training_real,train/training_real/1087.jpg
fake,train/training_fake,train/training_fake/262.jpg
real,train/training_real,train/training_real/1405.jpg
real,train/training_real,train/training_real/1415.jpg
fake,train/training_fake,train/training_fake/198.jpg
real,train/training_real,train/training_real/1287.jpg
real,train/training_real,train/training_real/962.jpg
fake,train/training_fake,train/training_fake/136.jpg
fake,train/training_fake,train/training_fake/87.jpg
fake,train/training_fake,train/training_fake/210.jpg
fake,train/training_fake,train/training_fake/282.jpg
real,train/training_real,train/training_real/993.jpg
fake,train/training_fake,train/training_fake/145.jpg
real,train/training_real,train/training_real/1517.jpg
fake,train/training_fake,train/training_fake/59.jpg
fake,train/training_fake,train/training_fake/16.jpg
real,train/training_real,train/training_real/1456.jpg
fake,train/training_fake,train/training_fake/555.jpg
real,train/training_real,train/training_real/1564.jpg
fake,train/training_fake,train/training_fake/395.jpg
real,train/training_real,train/training_real/1308.jpg
fake,train/training_fake,train/training_fake/263.jpg
fake,train/training_fake,train/training_fake/221.jpg
real,train/training_real,train/training_real/1139.jpg
real,train/training_real,train/training_real/1036.jpg
fake,train/training_fake,train/training_fake/217.jpg
fake,train/training_fake,train/training_fake/170.jpg
real,train/training_real,train/training_real/1616.jpg
fake,train/training_fake,train/training_fake/193.jpg
real,train/training_real,train/training_real/1559.jpg
fake,train/training_fake,train/training_fake/586.jpg
real,train/training_real,train/training_real/1189.jpg
fake,train/training_fake,train/training_fake/530.jpg
fake,train/training_fake,train/training_fake/247.jpg
fake,train/training_fake,train/training_fake/321.jpg
fake,train/training_fake,train/training_fake/375.jpg
fake,train/training_fake,train/training_fake/50.jpg
real,train/training_real,train/training_real/1218.jpg
real,train/training_real,train/training_real/1098.jpg
fake,train/training_fake,train/training_fake/4.jpg
real,train/training_real,train/training_real/1281.jpg
real,train/training_real,train/training_real/1089.jpg
fake,train/training_fake,train/training_fake/186.jpg
real,train/training_real,train/training_real/1579.jpg
real,train/training_real,train/training_real/974.jpg
fake,train/training_fake,train/training_fake/79.jpg
real,train/training_real,train/training_real/1318.jpg
real,train/training_real,train/training_real/1485.jpg
fake,train/training_fake,train/training_fake/478.jpg
fake,train/training_fake,train/training_fake/190.jpg
fake,train/training_fake,train/training_fake/49.jpg
fake,train/training_fake,train/training_fake/165.jpg
real,train/training_real,train/training_real/947.jpg
real,train/training_real,train/training_real/1149.jpg
real,train/training_real,train/training_real/1273.jpg
fake,train/training_fake,train/training_fake/303.jpg
real,train/training_real,train/training_real/840.jpg
real,train/training_real,train/training_real/1158.jpg
fake,train/training_fake,train/training_fake/370.jpg
real,train/training_real,train/training_real/1705.jpg
real,train/training_real,train/training_real/829.jpg
real,train/training_real,train/training_real/1627.jpg
real,train/training_real,train/training_real/1064.jpg
real,train/training_real,train/training_real/1002.jpg
fake,train/training_fake,train/training_fake/759.jpg
fake,train/training_fake,train/training_fake/448.jpg
fake,train/training_fake,train/training_fake/31.jpg
real,train/training_real,train/training_real/918.jpg
real,train/training_real,train/training_real/852.jpg
fake,train/training_fake,train/training_fake/339.jpg
fake,train/training_fake,train/training_fake/373.jpg
real,train/training_real,train/training_real/1377.jpg
real,train/training_real,train/training_real/1669.jpg
fake,train/training_fake,train/training_fake/203.jpg
real,train/training_real,train/training_real/1615.jpg
fake,train/training_fake,train/training_fake/704.jpg
fake,train/training_fake,train/training_fake/322.jpg
real,train/training_real,train/training_real/1479.jpg
real,train/training_real,train/training_real/1462.jpg
fake,train/training_fake,train/training_fake/162.jpg
fake,train/training_fake,train/training_fake/183.jpg
real,train/training_real,train/training_real/1350.jpg
fake,train/training_fake,train/training_fake/128.jpg
real,train/training_real,train/training_real/1039.jpg
real,train/training_real,train/training_real/796.jpg
real,train/training_real,train/training_real/1668.jpg
fake,train/training_fake,train/training_fake/501.jpg
fake,train/training_fake,train/training_fake/5.jpg
real,train/training_real,train/training_real/1011.jpg
fake,train/training_fake,train/training_fake/743.jpg
real,train/training_real,train/training_real/1325.jpg
real,train/training_real,train/training_real/1538.jpg
fake,train/training_fake,train/training_fake/0.jpg
real,train/training_real,train/training_real/1639.jpg
real,train/training_real,train/training_real/1413.jpg
fake,train/training_fake,train/training_fake/168.jpg
fake,train/training_fake,train/training_fake/174.jpg
fake,train/training_fake,train/training_fake/228.jpg
fake,train/training_fake,train/training_fake/172.jpg
fake,train/training_fake,train/training_fake/51.jpg
real,train/training_real,train/training_real/1345.jpg
fake,train/training_fake,train/training_fake/707.jpg
real,train/training_real,train/training_real/932.jpg
real,train/training_real,train/training_real/989.jpg
real,train/training_real,train/training_real/1460.jpg
fake,train/training_fake,train/training_fake/491.jpg
real,train/training_real,train/training_real/1010.jpg
real,train/training_real,train/training_real/1109.jpg
fake,train/training_fake,train/training_fake/679.jpg
real,train/training_real,train/training_real/1102.jpg
real,train/training_real,train/training_real/1620.jpg
real,train/training_real,train/training_real/1216.jpg
real,train/training_real,train/training_real/1480.jpg
real,train/training_real,train/training_real/1593.jpg
real,train/training_real,train/training_real/1511.jpg
fake,train/training_fake,train/training_fake/462.jpg
real,train/training_real,train/training_real/926.jpg
real,train/training_real,train/training_real/1352.jpg
fake,train/training_fake,train/training_fake/192.jpg
fake,train/training_fake,train/training_fake/718.jpg
real,train/training_real,train/training_real/1357.jpg
real,train/training_real,train/training_real/1066.jpg
fake,train/training_fake,train/training_fake/154.jpg
real,train/training_real,train/training_real/1092.jpg
real,train/training_real,train/training_real/767.jpg
fake,train/training_fake,train/training_fake/3.jpg
fake,train/training_fake,train/training_fake/229.jpg
fake,train/training_fake,train/training_fake/434.jpg
real,train/training_real,train/training_real/1486.jpg
real,train/training_real,train/training_real/848.jpg
real,train/training_real,train/training_real/1516.jpg
real,train/training_real,train/training_real/1610.jpg
real,train/training_real,train/training_real/1330.jpg
fake,train/training_fake,train/training_fake/106.jpg
fake,train/training_fake,train/training_fake/502.jpg
fake,train/training_fake,train/training_fake/736.jpg
fake,train/training_fake,train/training_fake/328.jpg
real,train/training_real,train/training_real/1122.jpg
fake,train/training_fake,train/training_fake/449.jpg
real,train/training_real,train/training_real/1148.jpg
real,train/training_real,train/training_real/1164.jpg
real,train/training_real,train/training_real/998.jpg
real,train/training_real,train/training_real/1591.jpg
fake,train/training_fake,train/training_fake/512.jpg
real,train/training_real,train/training_real/1329.jpg
real,train/training_real,train/training_real/1198.jpg
fake,train/training_fake,train/training_fake/55.jpg
fake,train/training_fake,train/training_fake/80.jpg
real,train/training_real,train/training_real/866.jpg
real,train/training_real,train/training_real/1108.jpg
fake,train/training_fake,train/training_fake/757.jpg
fake,train/training_fake,train/training_fake/584.jpg
fake,train/training_fake,train/training_fake/726.jpg
real,train/training_real,train/training_real/1428.jpg
real,train/training_real,train/training_real/1414.jpg
real,train/training_real,train/training_real/1271.jpg
fake,train/training_fake,train/training_fake/433.jpg
fake,train/training_fake,train/training_fake/7.jpg
real,train/training_real,train/training_real/1545.jpg
fake,train/training_fake,train/training_fake/42.jpg
real,train/training_real,train/training_real/1207.jpg
real,train/training_real,train/training_real/1023.jpg
fake,train/training_fake,train/training_fake/77.jpg
real,train/training_real,train/training_real/1275.jpg
real,train/training_real,train/training_real/1210.jpg
real,train/training_real,train/training_real/1544.jpg
real,train/training_real,train/training_real/1509.jpg
real,train/training_real,train/training_real/1513.jpg
real,train/training_real,train/training_real/1689.jpg
real,train/training_real,train/training_real/760.jpg
real,train/training_real,train/training_real/1125.jpg
fake,train/training_fake,train/training_fake/17.jpg
real,train/training_real,train/training_real/1054.jpg
real,train/training_real,train/training_real/1343.jpg
fake,train/training_fake,train/training_fake/702.jpg
real,train/training_real,train/training_real/1569.jpg
fake,train/training_fake,train/training_fake/15.jpg
fake,train/training_fake,train/training_fake/218.jpg
real,train/training_real,train/training_real/1173.jpg
real,train/training_real,train/training_real/1681.jpg
real,train/training_real,train/training_real/1063.jpg
fake,train/training_fake,train/training_fake/552.jpg
real,train/training_real,train/training_real/807.jpg
fake,train/training_fake,train/training_fake/410.jpg
fake,train/training_fake,train/training_fake/446.jpg
real,train/training_real,train/training_real/1264.jpg
real,train/training_real,train/training_real/1134.jpg
real,train/training_real,train/training_real/1068.jpg
real,train/training_real,train/training_real/901.jpg
fake,train/training_fake,train/training_fake/526.jpg
real,train/training_real,train/training_real/1495.jpg
real,train/training_real,train/training_real/1432.jpg
fake,train/training_fake,train/training_fake/686.jpg
fake,train/training_fake,train/training_fake/253.jpg
fake,train/training_fake,train/training_fake/132.jpg
fake,train/training_fake,train/training_fake/740.jpg
fake,train/training_fake,train/training_fake/18.jpg
real,train/training_real,train/training_real/941.jpg
real,train/training_real,train/training_real/1115.jpg
real,train/training_real,train/training_real/1391.jpg
real,train/training_real,train/training_real/1333.jpg
real,train/training_real,train/training_real/919.jpg
real,train/training_real,train/training_real/959.jpg
fake,train/training_fake,train/training_fake/548.jpg
fake,train/training_fake,train/training_fake/402.jpg
fake,train/training_fake,train/training_fake/123.jpg
real,train/training_real,train/training_real/995.jpg
real,train/training_real,train/training_real/842.jpg
real,train/training_real,train/training_real/1185.jpg
fake,train/training_fake,train/training_fake/250.jpg
real,train/training_real,train/training_real/1152.jpg
fake,train/training_fake,train/training_fake/540.jpg
real,train/training_real,train/training_real/1193.jpg
real,train/training_real,train/training_real/1337.jpg
real,train/training_real,train/training_real/1272.jpg
fake,train/training_fake,train/training_fake/627.jpg
fake,train/training_fake,train/training_fake/90.jpg
fake,train/training_fake,train/training_fake/690.jpg
fake,train/training_fake,train/training_fake/309.jpg
fake,train/training_fake,train/training_fake/758.jpg
real,train/training_real,train/training_real/808.jpg
real,train/training_real,train/training_real/1632.jpg
real,train/training_real,train/training_real/1174.jpg
real,train/training_real,train/training_real/1305.jpg
fake,train/training_fake,train/training_fake/196.jpg
real,train/training_real,train/training_real/1560.jpg
fake,train/training_fake,train/training_fake/61.jpg
real,train/training_real,train/training_real/1130.jpg
real,train/training_real,train/training_real/1187.jpg
real,train/training_real,train/training_real/1288.jpg
real,train/training_real,train/training_real/880.jpg
real,train/training_real,train/training_real/1409.jpg
real,train/training_real,train/training_real/1475.jpg
real,train/training_real,train/training_real/1124.jpg
real,train/training_real,train/training_real/1672.jpg
real,train/training_real,train/training_real/1090.jpg
fake,train/training_fake,train/training_fake/76.jpg
fake,train/training_fake,train/training_fake/744.jpg
fake,train/training_fake,train/training_fake/507.jpg
fake,train/training_fake,train/training_fake/336.jpg
fake,train/training_fake,train/training_fake/166.jpg
fake,train/training_fake,train/training_fake/499.jpg
fake,train/training_fake,train/training_fake/454.jpg
fake,train/training_fake,train/training_fake/257.jpg
real,train/training_real,train/training_real/1282.jpg
real,train/training_real,train/training_real/850.jpg
real,train/training_real,train/training_real/1598.jpg
real,train/training_real,train/training_real/1417.jpg
fake,train/training_fake,train/training_fake/634.jpg
fake,train/training_fake,train/training_fake/153.jpg
real,train/training_real,train/training_real/1112.jpg
real,train/training_real,train/training_real/1512.jpg
real,train/training_real,train/training_real/891.jpg
fake,train/training_fake,train/training_fake/349.jpg
fake,train/training_fake,train/training_fake/130.jpg
fake,train/training_fake,train/training_fake/695.jpg
real,train/training_real,train/training_real/831.jpg
real,train/training_real,train/training_real/1473.jpg
real,train/training_real,train/training_real/1217.jpg
real,train/training_real,train/training_real/1585.jpg
fake,train/training_fake,train/training_fake/8.jpg
fake,train/training_fake,train/training_fake/270.jpg
real,train/training_real,train/training_real/1159.jpg
fake,train/training_fake,train/training_fake/509.jpg
fake,train/training_fake,train/training_fake/706.jpg
real,train/training_real,train/training_real/1000.jpg
real,train/training_real,train/training_real/832.jpg
fake,train/training_fake,train/training_fake/754.jpg
fake,train/training_fake,train/training_fake/47.jpg
real,train/training_real,train/training_real/1338.jpg
real,train/training_real,train/training_real/1065.jpg
fake,train/training_fake,train/training_fake/653.jpg
fake,train/training_fake,train/training_fake/200.jpg
fake,train/training_fake,train/training_fake/474.jpg
real,train/training_real,train/training_real/916.jpg
real,train/training_real,train/training_real/1209.jpg
fake,train/training_fake,train/training_fake/642.jpg
real,train/training_real,train/training_real/923.jpg
fake,train/training_fake,train/training_fake/179.jpg
real,train/training_real,train/training_real/1088.jpg
real,train/training_real,train/training_real/810.jpg
real,train/training_real,train/training_real/922.jpg
fake,train/training_fake,train/training_fake/93.jpg
fake,train/training_fake,train/training_fake/547.jpg
fake,train/training_fake,train/training_fake/108.jpg
fake,train/training_fake,train/training_fake/455.jpg
fake,train/training_fake,train/training_fake/354.jpg
real,train/training_real,train/training_real/1306.jpg
real,train/training_real,train/training_real/1431.jpg
fake,train/training_fake,train/training_fake/72.jpg
real,train/training_real,train/training_real/1635.jpg
real,train/training_real,train/training_real/888.jpg
fake,train/training_fake,train/training_fake/719.jpg
real,train/training_real,train/training_real/1091.jpg
fake,train/training_fake,train/training_fake/241.jpg
real,train/training_real,train/training_real/1135.jpg
real,train/training_real,train/training_real/1693.jpg
fake,train/training_fake,train/training_fake/33.jpg
fake,train/training_fake,train/training_fake/40.jpg
real,train/training_real,train/training_real/892.jpg
real,train/training_real,train/training_real/1279.jpg
fake,train/training_fake,train/training_fake/562.jpg
real,train/training_real,train/training_real/1255.jpg
real,train/training_real,train/training_real/1008.jpg
real,train/training_real,train/training_real/784.jpg
real,train/training_real,train/training_real/1001.jpg
real,train/training_real,train/training_real/1443.jpg
real,train/training_real,train/training_real/1492.jpg
real,train/training_real,train/training_real/984.jpg
fake,train/training_fake,train/training_fake/568.jpg
fake,train/training_fake,train/training_fake/118.jpg
fake,train/training_fake,train/training_fake/419.jpg
real,train/training_real,train/training_real/1680.jpg
fake,train/training_fake,train/training_fake/404.jpg
fake,train/training_fake,train/training_fake/487.jpg
fake,train/training_fake,train/training_fake/524.jpg
fake,train/training_fake,train/training_fake/294.jpg
real,train/training_real,train/training_real/1151.jpg
real,train/training_real,train/training_real/1467.jpg
real,train/training_real,train/training_real/1606.jpg
real,train/training_real,train/training_real/1251.jpg
real,train/training_real,train/training_real/952.jpg
fake,train/training_fake,train/training_fake/182.jpg
real,train/training_real,train/training_real/1248.jpg
real,train/training_real,train/training_real/1310.jpg
real,train/training_real,train/training_real/1332.jpg
fake,train/training_fake,train/training_fake/725.jpg
real,train/training_real,train/training_real/820.jpg
real,train/training_real,train/training_real/1236.jpg
fake,train/training_fake,train/training_fake/236.jpg
real,train/training_real,train/training_real/1339.jpg
real,train/training_real,train/training_real/763.jpg
real,train/training_real,train/training_real/997.jpg
real,train/training_real,train/training_real/1029.jpg
fake,train/training_fake,train/training_fake/620.jpg
fake,train/training_fake,train/training_fake/731.jpg
real,train/training_real,train/training_real/1452.jpg
real,train/training_real,train/training_real/768.jpg
fake,train/training_fake,train/training_fake/537.jpg
fake,train/training_fake,train/training_fake/601.jpg
real,train/training_real,train/training_real/1381.jpg
real,train/training_real,train/training_real/1359.jpg
real,train/training_real,train/training_real/1041.jpg
fake,train/training_fake,train/training_fake/56.jpg
fake,train/training_fake,train/training_fake/669.jpg
real,train/training_real,train/training_real/1501.jpg
real,train/training_real,train/training_real/816.jpg
real,train/training_real,train/training_real/1390.jpg
real,train/training_real,train/training_real/1030.jpg
fake,train/training_fake,train/training_fake/202.jpg
fake,train/training_fake,train/training_fake/81.jpg
real,train/training_real,train/training_real/1321.jpg
real,train/training_real,train/training_real/1070.jpg
fake,train/training_fake,train/training_fake/205.jpg
fake,train/training_fake,train/training_fake/69.jpg
real,train/training_real,train/training_real/913.jpg
fake,train/training_fake,train/training_fake/670.jpg
fake,train/training_fake,train/training_fake/430.jpg
fake,train/training_fake,train/training_fake/34.jpg
fake,train/training_fake,train/training_fake/689.jpg
real,train/training_real,train/training_real/1175.jpg
real,train/training_real,train/training_real/1062.jpg
real,train/training_real,train/training_real/1106.jpg
fake,train/training_fake,train/training_fake/14.jpg
real,train/training_real,train/training_real/761.jpg
real,train/training_real,train/training_real/1231.jpg
real,train/training_real,train/training_real/1116.jpg
real,train/training_real,train/training_real/1013.jpg
real,train/training_real,train/training_real/1459.jpg
real,train/training_real,train/training_real/999.jpg
fake,train/training_fake,train/training_fake/101.jpg
real,train/training_real,train/training_real/1243.jpg
real,train/training_real,train/training_real/766.jpg
fake,train/training_fake,train/training_fake/335.jpg
real,train/training_real,train/training_real/1583.jpg
real,train/training_real,train/training_real/851.jpg
fake,train/training_fake,train/training_fake/498.jpg
real,train/training_real,train/training_real/1242.jpg
real,train/training_real,train/training_real/1317.jpg
real,train/training_real,train/training_real/1077.jpg
real,train/training_real,train/training_real/818.jpg
fake,train/training_fake,train/training_fake/372.jpg
real,train/training_real,train/training_real/979.jpg
fake,train/training_fake,train/training_fake/380.jpg
fake,train/training_fake,train/training_fake/232.jpg
real,train/training_real,train/training_real/1388.jpg
real,train/training_real,train/training_real/1453.jpg
fake,train/training_fake,train/training_fake/615.jpg
fake,train/training_fake,train/training_fake/143.jpg
real,train/training_real,train/training_real/1568.jpg
fake,train/training_fake,train/training_fake/752.jpg
real,train/training_real,train/training_real/1073.jpg
real,train/training_real,train/training_real/1355.jpg
real,train/training_real,train/training_real/1406.jpg
fake,train/training_fake,train/training_fake/521.jpg
real,train/training_real,train/training_real/1211.jpg
fake,train/training_fake,train/training_fake/687.jpg
fake,train/training_fake,train/training_fake/458.jpg
fake,train/training_fake,train/training_fake/559.jpg
fake,train/training_fake,train/training_fake/387.jpg
fake,train/training_fake,train/training_fake/115.jpg
fake,train/training_fake,train/training_fake/714.jpg
fake,train/training_fake,train/training_fake/13.jpg
real,train/training_real,train/training_real/1142.jpg
real,train/training_real,train/training_real/1067.jpg
real,train/training_real,train/training_real/823.jpg
fake,train/training_fake,train/training_fake/465.jpg
real,train/training_real,train/training_real/1160.jpg
fake,train/training_fake,train/training_fake/582.jpg
fake,train/training_fake,train/training_fake/98.jpg
real,train/training_real,train/training_real/1302.jpg
real,train/training_real,train/training_real/1439.jpg
fake,train/training_fake,train/training_fake/319.jpg
real,train/training_real,train/training_real/1367.jpg
real,train/training_real,train/training_real/1024.jpg
fake,train/training_fake,train/training_fake/539.jpg
fake,train/training_fake,train/training_fake/237.jpg
real,train/training_real,train/training_real/1201.jpg
real,train/training_real,train/training_real/1093.jpg
real,train/training_real,train/training_real/1551.jpg
fake,train/training_fake,train/training_fake/661.jpg
fake,train/training_fake,train/training_fake/715.jpg
fake,train/training_fake,train/training_fake/610.jpg
real,train/training_real,train/training_real/914.jpg
fake,train/training_fake,train/training_fake/113.jpg
fake,train/training_fake,train/training_fake/212.jpg
real,train/training_real,train/training_real/1519.jpg
real,train/training_real,train/training_real/969.jpg
real,train/training_real,train/training_real/1167.jpg
real,train/training_real,train/training_real/1220.jpg
real,train/training_real,train/training_real/965.jpg
fake,train/training_fake,train/training_fake/27.jpg
real,train/training_real,train/training_real/1379.jpg
real,train/training_real,train/training_real/1232.jpg
real,train/training_real,train/training_real/957.jpg
real,train/training_real,train/training_real/1657.jpg
fake,train/training_fake,train/training_fake/644.jpg
fake,train/training_fake,train/training_fake/260.jpg
fake,train/training_fake,train/training_fake/37.jpg
fake,train/training_fake,train/training_fake/545.jpg
real,train/training_real,train/training_real/1703.jpg
real,train/training_real,train/training_real/1662.jpg
real,train/training_real,train/training_real/1642.jpg
fake,train/training_fake,train/training_fake/564.jpg
real,train/training_real,train/training_real/1309.jpg
fake,train/training_fake,train/training_fake/527.jpg
fake,train/training_fake,train/training_fake/24.jpg
real,train/training_real,train/training_real/1483.jpg
real,train/training_real,train/training_real/1435.jpg
fake,train/training_fake,train/training_fake/112.jpg
real,train/training_real,train/training_real/1312.jpg
real,train/training_real,train/training_real/972.jpg
fake,train/training_fake,train/training_fake/590.jpg
fake,train/training_fake,train/training_fake/691.jpg
real,train/training_real,train/training_real/928.jpg
real,train/training_real,train/training_real/1259.jpg
real,train/training_real,train/training_real/1663.jpg
real,train/training_real,train/training_real/1199.jpg
real,train/training_real,train/training_real/894.jpg
fake,train/training_fake,train/training_fake/353.jpg
real,train/training_real,train/training_real/1037.jpg
real,train/training_real,train/training_real/1631.jpg
fake,train/training_fake,train/training_fake/300.jpg
fake,train/training_fake,train/training_fake/121.jpg
real,train/training_real,train/training_real/803.jpg
fake,train/training_fake,train/training_fake/492.jpg
real,train/training_real,train/training_real/951.jpg
fake,train/training_fake,train/training_fake/304.jpg
fake,train/training_fake,train/training_fake/131.jpg
fake,train/training_fake,train/training_fake/9.jpg
real,train/training_real,train/training_real/1285.jpg
fake,train/training_fake,train/training_fake/520.jpg
real,train/training_real,train/training_real/1688.jpg
real,train/training_real,train/training_real/968.jpg
fake,train/training_fake,train/training_fake/717.jpg
real,train/training_real,train/training_real/860.jpg
fake,train/training_fake,train/training_fake/674.jpg
real,train/training_real,train/training_real/1706.jpg
real,train/training_real,train/training_real/1458.jpg
real,train/training_real,train/training_real/1398.jpg
real,train/training_real,train/training_real/1656.jpg
real,train/training_real,train/training_real/1540.jpg
real,train/training_real,train/training_real/844.jpg
real,train/training_real,train/training_real/1040.jpg
fake,train/training_fake,train/training_fake/242.jpg
real,train/training_real,train/training_real/1196.jpg
real,train/training_real,train/training_real/1426.jpg
real,train/training_real,train/training_real/1061.jpg
real,train/training_real,train/training_real/764.jpg
real,train/training_real,train/training_real/1117.jpg
real,train/training_real,train/training_real/1153.jpg
fake,train/training_fake,train/training_fake/235.jpg
real,train/training_real,train/training_real/855.jpg
fake,train/training_fake,train/training_fake/557.jpg
real,train/training_real,train/training_real/1375.jpg
real,train/training_real,train/training_real/1490.jpg
real,train/training_real,train/training_real/1664.jpg
fake,train/training_fake,train/training_fake/191.jpg
fake,train/training_fake,train/training_fake/626.jpg
real,train/training_real,train/training_real/801.jpg
real,train/training_real,train/training_real/1383.jpg
fake,train/training_fake,train/training_fake/146.jpg
fake,train/training_fake,train/training_fake/234.jpg
fake,train/training_fake,train/training_fake/461.jpg
real,train/training_real,train/training_real/946.jpg
fake,train/training_fake,train/training_fake/285.jpg
real,train/training_real,train/training_real/903.jpg
real,train/training_real,train/training_real/1362.jpg
real,train/training_real,train/training_real/809.jpg
fake,train/training_fake,train/training_fake/105.jpg
real,train/training_real,train/training_real/1254.jpg
real,train/training_real,train/training_real/822.jpg
real,train/training_real,train/training_real/1300.jpg
fake,train/training_fake,train/training_fake/505.jpg
fake,train/training_fake,train/training_fake/326.jpg
real,train/training_real,train/training_real/1567.jpg
real,train/training_real,train/training_real/1136.jpg
real,train/training_real,train/training_real/774.jpg
real,train/training_real,train/training_real/1120.jpg
real,train/training_real,train/training_real/898.jpg
fake,train/training_fake,train/training_fake/66.jpg
fake,train/training_fake,train/training_fake/409.jpg
real,train/training_real,train/training_real/1698.jpg
fake,train/training_fake,train/training_fake/334.jpg
real,train/training_real,train/training_real/1561.jpg
fake,train/training_fake,train/training_fake/233.jpg
fake,train/training_fake,train/training_fake/523.jpg
fake,train/training_fake,train/training_fake/675.jpg
real,train/training_real,train/training_real/983.jpg
real,train/training_real,train/training_real/895.jpg
fake,train/training_fake,train/training_fake/594.jpg
real,train/training_real,train/training_real/1168.jpg
fake,train/training_fake,train/training_fake/538.jpg
real,train/training_real,train/training_real/836.jpg
real,train/training_real,train/training_real/1411.jpg
fake,train/training_fake,train/training_fake/23.jpg
real,train/training_real,train/training_real/933.jpg
fake,train/training_fake,train/training_fake/460.jpg
real,train/training_real,train/training_real/1194.jpg
real,train/training_real,train/training_real/890.jpg
fake,train/training_fake,train/training_fake/692.jpg
real,train/training_real,train/training_real/1612.jpg
fake,train/training_fake,train/training_fake/515.jpg
real,train/training_real,train/training_real/1589.jpg
fake,train/training_fake,train/training_fake/266.jpg
real,train/training_real,train/training_real/1387.jpg
real,train/training_real,train/training_real/1464.jpg
fake,train/training_fake,train/training_fake/646.jpg
fake,train/training_fake,train/training_fake/227.jpg
fake,train/training_fake,train/training_fake/91.jpg
real,train/training_real,train/training_real/1221.jpg
fake,train/training_fake,train/training_fake/276.jpg
real,train/training_real,train/training_real/1123.jpg
fake,train/training_fake,train/training_fake/35.jpg
fake,train/training_fake,train/training_fake/362.jpg
real,train/training_real,train/training_real/845.jpg
fake,train/training_fake,train/training_fake/459.jpg
fake,train/training_fake,train/training_fake/208.jpg
real,train/training_real,train/training_real/1447.jpg
fake,train/training_fake,train/training_fake/280.jpg
real,train/training_real,train/training_real/1702.jpg
real,train/training_real,train/training_real/1075.jpg
fake,train/training_fake,train/training_fake/32.jpg
real,train/training_real,train/training_real/1679.jpg
real,train/training_real,train/training_real/909.jpg
real,train/training_real,train/training_real/893.jpg
real,train/training_real,train/training_real/1393.jpg
real,train/training_real,train/training_real/1666.jpg
fake,train/training_fake,train/training_fake/444.jpg
real,train/training_real,train/training_real/792.jpg
real,train/training_real,train/training_real/1094.jpg
fake,train/training_fake,train/training_fake/296.jpg
fake,train/training_fake,train/training_fake/676.jpg
fake,train/training_fake,train/training_fake/1.jpg
fake,train/training_fake,train/training_fake/2.jpg
fake,train/training_fake,train/training_fake/727.jpg
real,train/training_real,train/training_real/920.jpg
real,train/training_real,train/training_real/1191.jpg
real,train/training_real,train/training_real/785.jpg
real,train/training_real,train/training_real/1650.jpg
real,train/training_real,train/training_real/1649.jpg
real,train/training_real,train/training_real/1531.jpg
real,train/training_real,train/training_real/833.jpg
fake,train/training_fake,train/training_fake/496.jpg
real,train/training_real,train/training_real/1376.jpg
real,train/training_real,train/training_real/1496.jpg
real,train/training_real,train/training_real/878.jpg
real,train/training_real,train/training_real/1637.jpg
fake,train/training_fake,train/training_fake/696.jpg
real,train/training_real,train/training_real/854.jpg
real,train/training_real,train/training_real/1497.jpg
real,train/training_real,train/training_real/980.jpg
fake,train/training_fake,train/training_fake/384.jpg
fake,train/training_fake,train/training_fake/682.jpg
real,train/training_real,train/training_real/1674.jpg
real,train/training_real,train/training_real/770.jpg
fake,train/training_fake,train/training_fake/737.jpg
real,train/training_real,train/training_real/1622.jpg
real,train/training_real,train/training_real/1522.jpg
real,train/training_real,train/training_real/1212.jpg
fake,train/training_fake,train/training_fake/663.jpg
fake,train/training_fake,train/training_fake/668.jpg
real,train/training_real,train/training_real/1546.jpg
real,train/training_real,train/training_real/1640.jpg
real,train/training_real,train/training_real/1648.jpg
real,train/training_real,train/training_real/1488.jpg
real,train/training_real,train/training_real/955.jpg
real,train/training_real,train/training_real/1494.jpg
real,train/training_real,train/training_real/787.jpg
real,train/training_real,train/training_real/1611.jpg
real,train/training_real,train/training_real/1594.jpg
real,train/training_real,train/training_real/930.jpg
real,train/training_real,train/training_real/865.jpg
real,train/training_real,train/training_real/1035.jpg
fake,train/training_fake,train/training_fake/68.jpg
real,train/training_real,train/training_real/1252.jpg
fake,train/training_fake,train/training_fake/6.jpg
fake,train/training_fake,train/training_fake/711.jpg
fake,train/training_fake,train/training_fake/618.jpg
real,train/training_real,train/training_real/1349.jpg
real,train/training_real,train/training_real/1506.jpg
real,train/training_real,train/training_real/1423.jpg
fake,train/training_fake,train/training_fake/570.jpg
real,train/training_real,train/training_real/1299.jpg
fake,train/training_fake,train/training_fake/585.jpg
real,train/training_real,train/training_real/1434.jpg
fake,train/training_fake,train/training_fake/89.jpg
real,train/training_real,train/training_real/868.jpg
real,train/training_real,train/training_real/1670.jpg
fake,train/training_fake,train/training_fake/534.jpg
fake,train/training_fake,train/training_fake/184.jpg
real,train/training_real,train/training_real/1260.jpg
fake,train/training_fake,train/training_fake/605.jpg
real,train/training_real,train/training_real/1504.jpg
fake,train/training_fake,train/training_fake/83.jpg
real,train/training_real,train/training_real/1103.jpg
real,train/training_real,train/training_real/775.jpg
real,train/training_real,train/training_real/1131.jpg
real,train/training_real,train/training_real/1278.jpg
fake,train/training_fake,train/training_fake/284.jpg
fake,train/training_fake,train/training_fake/451.jpg
real,train/training_real,train/training_real/1034.jpg
real,train/training_real,train/training_real/1110.jpg
fake,train/training_fake,train/training_fake/456.jpg
real,train/training_real,train/training_real/1006.jpg
real,train/training_real,train/training_real/858.jpg
real,train/training_real,train/training_real/1481.jpg
real,train/training_real,train/training_real/1268.jpg
fake,train/training_fake,train/training_fake/677.jpg
real,train/training_real,train/training_real/900.jpg
fake,train/training_fake,train/training_fake/65.jpg
real,train/training_real,train/training_real/1200.jpg
fake,train/training_fake,train/training_fake/751.jpg
fake,train/training_fake,train/training_fake/713.jpg
fake,train/training_fake,train/training_fake/187.jpg
real,train/training_real,train/training_real/1044.jpg
fake,train/training_fake,train/training_fake/464.jpg
fake,train/training_fake,train/training_fake/550.jpg
real,train/training_real,train/training_real/1311.jpg
real,train/training_real,train/training_real/1296.jpg
real,train/training_real,train/training_real/1169.jpg
real,train/training_real,train/training_real/1019.jpg
fake,train/training_fake,train/training_fake/279.jpg
fake,train/training_fake,train/training_fake/219.jpg
real,train/training_real,train/training_real/1291.jpg
fake,train/training_fake,train/training_fake/134.jpg
real,train/training_real,train/training_real/1257.jpg
fake,train/training_fake,train/training_fake/305.jpg
real,train/training_real,train/training_real/804.jpg
fake,train/training_fake,train/training_fake/439.jpg
fake,train/training_fake,train/training_fake/358.jpg
fake,train/training_fake,train/training_fake/475.jpg
fake,train/training_fake,train/training_fake/450.jpg
fake,train/training_fake,train/training_fake/631.jpg
real,train/training_real,train/training_real/813.jpg
real,train/training_real,train/training_real/1402.jpg
real,train/training_real,train/training_real/1326.jpg
real,train/training_real,train/training_real/786.jpg
fake,train/training_fake,train/training_fake/681.jpg
real,train/training_real,train/training_real/1392.jpg
real,train/training_real,train/training_real/1607.jpg
fake,train/training_fake,train/training_fake/567.jpg
fake,train/training_fake,train/training_fake/156.jpg
fake,train/training_fake,train/training_fake/110.jpg
real,train/training_real,train/training_real/1420.jpg
real,train/training_real,train/training_real/1304.jpg
fake,train/training_fake,train/training_fake/541.jpg
fake,train/training_fake,train/training_fake/44.jpg
fake,train/training_fake,train/training_fake/267.jpg
real,train/training_real,train/training_real/1003.jpg
fake,train/training_fake,train/training_fake/293.jpg
real,train/training_real,train/training_real/1031.jpg
real,train/training_real,train/training_real/1316.jpg
real,train/training_real,train/training_real/1118.jpg
fake,train/training_fake,train/training_fake/401.jpg
fake,train/training_fake,train/training_fake/746.jpg
fake,train/training_fake,train/training_fake/364.jpg
real,train/training_real,train/training_real/1256.jpg
real,train/training_real,train/training_real/1515.jpg
real,train/training_real,train/training_real/776.jpg
fake,train/training_fake,train/training_fake/508.jpg
real,train/training_real,train/training_real/996.jpg
real,train/training_real,train/training_real/1055.jpg
fake,train/training_fake,train/training_fake/340.jpg
real,train/training_real,train/training_real/1235.jpg
fake,train/training_fake,train/training_fake/28.jpg
fake,train/training_fake,train/training_fake/243.jpg
real,train/training_real,train/training_real/870.jpg
fake,train/training_fake,train/training_fake/755.jpg
fake,train/training_fake,train/training_fake/46.jpg
fake,train/training_fake,train/training_fake/730.jpg
real,train/training_real,train/training_real/791.jpg
real,train/training_real,train/training_real/1369.jpg
fake,train/training_fake,train/training_fake/607.jpg
real,train/training_real,train/training_real/1653.jpg
real,train/training_real,train/training_real/1261.jpg
real,train/training_real,train/training_real/1265.jpg
real,train/training_real,train/training_real/1651.jpg
real,train/training_real,train/training_real/876.jpg
real,train/training_real,train/training_real/1344.jpg
fake,train/training_fake,train/training_fake/283.jpg
fake,train/training_fake,train/training_fake/129.jpg
real,train/training_real,train/training_real/1015.jpg
fake,train/training_fake,train/training_fake/556.jpg
real,train/training_real,train/training_real/1691.jpg
real,train/training_real,train/training_real/769.jpg
real,train/training_real,train/training_real/971.jpg
real,train/training_real,train/training_real/1630.jpg
fake,train/training_fake,train/training_fake/180.jpg
real,train/training_real,train/training_real/1603.jpg
real,train/training_real,train/training_real/1137.jpg
fake,train/training_fake,train/training_fake/606.jpg
real,train/training_real,train/training_real/1609.jpg
real,train/training_real,train/training_real/1016.jpg
fake,train/training_fake,train/training_fake/315.jpg
fake,train/training_fake,train/training_fake/11.jpg
fake,train/training_fake,train/training_fake/382.jpg
fake,train/training_fake,train/training_fake/639.jpg
fake,train/training_fake,train/training_fake/447.jpg
real,train/training_real,train/training_real/1537.jpg
fake,train/training_fake,train/training_fake/248.jpg
real,train/training_real,train/training_real/1080.jpg
fake,train/training_fake,train/training_fake/116.jpg
fake,train/training_fake,train/training_fake/680.jpg
real,train/training_real,train/training_real/799.jpg
real,train/training_real,train/training_real/1394.jpg
real,train/training_real,train/training_real/819.jpg
real,train/training_real,train/training_real/1071.jpg
real,train/training_real,train/training_real/1507.jpg
real,train/training_real,train/training_real/881.jpg
fake,train/training_fake,train/training_fake/604.jpg
real,train/training_real,train/training_real/954.jpg
fake,train/training_fake,train/training_fake/716.jpg
real,train/training_real,train/training_real/1197.jpg
fake,train/training_fake,train/training_fake/269.jpg
real,train/training_real,train/training_real/1215.jpg
fake,train/training_fake,train/training_fake/728.jpg
real,train/training_real,train/training_real/790.jpg
fake,train/training_fake,train/training_fake/558.jpg
real,train/training_real,train/training_real/1322.jpg
fake,train/training_fake,train/training_fake/525.jpg
real,train/training_real,train/training_real/875.jpg
real,train/training_real,train/training_real/1096.jpg
fake,train/training_fake,train/training_fake/88.jpg
fake,train/training_fake,train/training_fake/325.jpg
fake,train/training_fake,train/training_fake/117.jpg
real,train/training_real,train/training_real/1577.jpg
fake,train/training_fake,train/training_fake/511.jpg
real,train/training_real,train/training_real/1424.jpg
fake,train/training_fake,train/training_fake/347.jpg
real,train/training_real,train/training_real/1195.jpg
real,train/training_real,train/training_real/1455.jpg
fake,train/training_fake,train/training_fake/445.jpg
real,train/training_real,train/training_real/1045.jpg
real,train/training_real,train/training_real/1677.jpg
real,train/training_real,train/training_real/806.jpg
fake,train/training_fake,train/training_fake/407.jpg
real,train/training_real,train/training_real/1009.jpg
real,train/training_real,train/training_real/1572.jpg
real,train/training_real,train/training_real/976.jpg
fake,train/training_fake,train/training_fake/215.jpg
real,train/training_real,train/training_real/978.jpg
real,train/training_real,train/training_real/1111.jpg
real,train/training_real,train/training_real/1363.jpg
real,train/training_real,train/training_real/1636.jpg
fake,train/training_fake,train/training_fake/177.jpg
real,train/training_real,train/training_real/773.jpg
fake,train/training_fake,train/training_fake/396.jpg
real,train/training_real,train/training_real/1478.jpg
fake,train/training_fake,train/training_fake/518.jpg
fake,train/training_fake,train/training_fake/207.jpg
real,train/training_real,train/training_real/929.jpg
real,train/training_real,train/training_real/1284.jpg
real,train/training_real,train/training_real/1335.jpg
real,train/training_real,train/training_real/1370.jpg
real,train/training_real,train/training_real/1534.jpg
real,train/training_real,train/training_real/1100.jpg
real,train/training_real,train/training_real/1699.jpg
real,train/training_real,train/training_real/1366.jpg
